DateTime,WBGT(C),TA(C),beats_per_minute
2024-10-05 11:40:57,16.6,20.4,68.15076068376068
2024-10-05 11:41:57,16.9,20.9,68.15076068376068
2024-10-05 11:42:57,17.9,21.4,68.15076068376068
2024-10-05 11:43:57,18.4,22.1,69.83076068376069
2024-10-05 11:44:57,19.1,22.7,70.13099877899877
2024-10-05 11:45:57,19.6,23.4,66.87352616985625
2024-10-05 11:46:57,19.7,23.9,66.19646267779277
2024-10-05 11:47:57,20.0,24.6,66.88520252919793
2024-10-05 11:48:57,20.4,25.2,66.88520252919793
2024-10-05 11:49:57,20.7,25.7,68.04932261051476
2024-10-05 11:50:57,20.7,26.1,68.13138610257825
2024-10-05 11:51:57,20.6,26.5,67.55260955628687
2024-10-05 11:52:57,20.5,26.8,68.05516557574072
2024-10-05 11:53:57,20.6,27.1,68.90837199385398
2024-10-05 11:54:57,20.6,27.3,68.90837199385398
2024-10-05 11:55:57,20.6,27.5,66.05506743441835
2024-10-05 11:56:57,20.7,27.7,65.65645231859406
2024-10-05 11:57:57,20.8,27.8,66.21354714170276
2024-10-05 11:58:57,21.0,27.9,70.76507011595506
2024-10-05 11:59:57,20.9,28.1,71.60201266449047
2024-10-05 12:00:57,20.9,28.2,71.95340537738258
2024-10-05 12:01:57,20.9,28.3,72.0918984430656
2024-10-05 12:02:57,20.8,28.4,74.08349133921148
2024-10-05 12:03:57,20.9,28.5,72.2815979160973
2024-10-05 12:04:57,20.8,28.6,74.08349133921148
2024-10-05 12:05:57,20.9,28.6,72.2815979160973
2024-10-05 12:06:57,21.1,28.7,69.55612687987347
2024-10-05 12:07:57,21.3,28.9,64.74689636791454
2024-10-05 12:08:57,21.6,29.1,66.03646084652598
2024-10-05 12:09:57,21.4,29.1,66.03646084652598
2024-10-05 12:10:57,21.4,29.2,66.02688569017805
2024-10-05 12:11:57,21.3,29.3,65.46259844908634
2024-10-05 12:12:57,21.6,29.3,66.02688569017805
2024-10-05 12:13:57,20.9,28.3,72.0918984430656
2024-10-05 12:14:57,20.8,28.2,73.71402607322403
2024-10-05 12:15:57,20.7,28.3,73.48396751618903
2024-10-05 12:16:57,21.2,28.7,69.2703928223561
2024-10-05 12:17:57,21.7,29.3,65.17166630913336
2024-10-05 12:18:57,22.7,29.9,84.05975767103806
2024-10-05 12:19:57,23.2,30.6,79.05943689254242
2024-10-05 12:20:57,23.1,31.1,84.34469510316556
2024-10-05 12:21:57,23.1,31.5,76.88305854876849
2024-10-05 12:22:57,23.3,32.0,76.75374873773141
2024-10-05 12:23:57,23.7,32.5,91.7041014807208
2024-10-05 12:24:57,23.7,32.9,103.35428696219846
2024-10-05 12:25:57,23.4,33.2,77.43356855468538
2024-10-05 12:26:57,23.4,33.4,77.26026197454105
2024-10-05 12:27:57,23.5,33.6,85.22275776714223
2024-10-05 12:28:57,23.9,33.8,105.32171171592204
2024-10-05 12:29:57,23.6,33.9,79.62825657255634
2024-10-05 12:30:57,23.2,33.8,79.48198188844545
2024-10-05 12:31:57,23.5,34.0,79.81065126449049
2024-10-05 12:32:57,23.7,34.2,96.62496168910072
2024-10-05 12:33:57,23.8,34.4,119.2297143473652
2024-10-05 12:34:57,23.9,34.7,116.46943797959185
2024-10-05 12:35:57,24.4,35.0,111.66802551346562
2024-10-05 12:36:57,24.4,35.2,111.54201804883702
2024-10-05 12:37:57,24.7,35.4,99.34632462320036
2024-10-05 12:38:57,24.8,35.7,112.004607702141
2024-10-05 12:39:57,24.9,35.9,118.49857588579982
2024-10-05 12:40:57,25.0,36.1,94.3914820435079
2024-10-05 12:41:57,25.1,36.3,93.68892055362834
2024-10-05 12:42:57,25.1,36.3,93.68892055362834
2024-10-05 12:43:57,25.4,36.6,90.666582820201
2024-10-05 12:44:57,25.3,36.7,119.40438319635147
2024-10-05 12:45:57,25.1,36.7,120.64013511224977
2024-10-05 12:46:57,25.2,36.8,122.49667152821426
2024-10-05 12:47:57,25.2,36.9,98.58847916088467
2024-10-05 12:48:57,24.7,36.6,125.25096417446515
2024-10-05 12:49:57,24.8,36.6,124.4234106653106
2024-10-05 12:50:57,24.4,36.3,104.43005802431692
2024-10-05 12:51:57,24.1,36.1,122.40066909926648
2024-10-05 12:52:57,23.9,35.8,105.2637151147676
2024-10-05 12:53:57,24.0,35.9,103.38324276264554
2024-10-05 12:54:57,24.2,36.0,124.84220250239764
2024-10-05 12:55:57,23.9,35.7,112.15042423662572
2024-10-05 12:56:57,24.1,35.8,107.85200105595383
2024-10-05 12:57:57,24.3,35.8,122.76199939623868
2024-10-05 12:58:57,24.2,35.8,118.43327423721888
2024-10-05 12:59:57,24.2,35.8,118.43327423721888
2024-10-05 13:00:57,24.0,35.7,111.63721721712004
2024-10-05 13:01:57,23.9,35.7,112.15042423662572
2024-10-05 13:02:57,24.0,35.7,111.63721721712004
2024-10-05 13:03:57,24.1,35.7,113.48675088823836
2024-10-16 12:13:19,23.9,33.4,95.27126562196833
2024-10-16 12:14:19,23.8,33.7,93.0017988722853
2024-10-16 12:15:19,23.6,33.7,80.20522015217743
2024-10-16 12:16:19,23.7,34.1,96.48515709139956
2024-10-16 12:17:19,24.0,34.8,116.89538554971324
2024-10-16 12:18:19,24.3,35.3,113.5651906442888
2024-10-16 12:19:19,24.7,35.5,109.94931658079304
2024-10-16 12:20:19,25.1,35.9,118.66505359810786
2024-10-16 12:21:19,24.8,36.1,107.65202468633598
2024-10-16 12:22:19,25.4,36.6,90.666582820201
2024-10-16 12:23:19,25.7,37.4,101.81630539342297
2024-10-16 12:24:19,26.2,37.9,86.68348423443013
2024-10-16 12:25:19,26.7,38.4,95.48646346831984
2024-10-16 12:26:19,27.1,38.8,116.43215424852926
2024-10-16 12:27:19,27.2,39.2,125.99496235627116
2024-10-16 12:28:19,27.2,39.5,125.21747902097906
2024-10-16 12:29:19,26.8,40.0,82.56597631001115
2024-10-16 12:30:19,26.4,39.2,98.30624868464962
2024-10-16 12:31:19,25.2,37.9,104.984488311341
2024-10-16 12:32:19,25.4,38.3,112.38201912622893
2024-10-16 12:33:19,25.7,38.7,121.55721070955803
2024-10-16 12:34:19,25.4,37.8,111.46938423174733
2024-10-16 12:35:19,25.2,37.8,103.09804761246738
2024-10-16 12:36:19,25.2,37.4,104.37141734332144
2024-10-16 12:37:19,25.2,37.4,104.37141734332144
2024-10-16 12:38:19,25.3,37.7,111.48346490307716
2024-10-16 12:39:19,25.4,37.7,111.46938423174733
2024-10-16 12:40:19,24.8,36.8,124.55205334789896
2024-10-16 12:41:19,24.4,36.7,131.84014173476055
2024-10-16 12:42:19,24.9,36.9,99.06100950153724
2024-10-16 12:43:19,24.8,36.9,113.5933036032407
2024-10-16 12:44:19,25.1,37.0,97.34838477236302
2024-10-16 12:45:19,25.3,37.2,125.24117288832268
2024-10-16 12:46:19,25.2,37.1,101.45166350205965
2024-10-16 12:47:19,25.1,37.0,97.34838477236302
2024-10-16 12:48:19,24.8,36.9,113.5933036032407
2024-10-16 12:49:19,24.5,36.9,116.6929305882473
2024-10-16 12:50:19,24.4,36.8,131.56841213103095
2024-10-16 12:51:19,24.3,36.7,93.7682172403544
2024-10-16 12:52:19,23.9,36.4,116.15656507802667
2024-10-16 12:53:19,23.7,36.8,99.27663830082383
2024-10-16 12:54:19,24.6,37.4,99.37121960896955
2024-10-16 12:55:19,25.2,37.6,115.6346336393676
2024-10-16 12:56:19,25.6,38.1,108.91349301661896
2024-10-16 12:57:19,26.1,38.8,100.58820454185208
2024-10-16 12:58:19,26.7,39.7,85.44361894271391
2024-10-16 12:59:19,26.8,40.5,74.67345077081403
2024-10-16 13:00:19,27.4,41.5,94.73295084856778
2024-10-16 13:01:19,27.5,41.9,70.90235123864623
2024-10-16 13:02:19,27.7,42.3,75.62851730100081
2024-10-16 13:03:19,28.0,43.1,96.76314070221476
2024-10-16 13:04:19,28.1,43.7,89.98997097738376
2024-10-16 13:05:19,28.2,44.1,96.51791793404034
2024-10-16 13:06:19,28.3,44.4,92.83525093618697
2024-10-16 13:07:19,28.7,44.7,90.87294754871576
2024-10-16 13:08:19,28.8,45.0,99.05280301347736
2024-10-16 13:09:19,29.1,45.5,92.06848157387668
2024-10-16 13:10:19,29.3,46.1,109.2290097152158
2024-09-12 11:42:31,19.3,24.9,69.95724877899877
2024-09-12 11:43:31,21.8,26.2,78.81719206366795
2024-09-12 11:44:31,24.1,27.8,100.67448830295268
2024-09-12 11:45:31,25.2,29.7,95.36171828171828
2024-09-12 11:46:31,25.1,31.5,97.29894517410698
2024-09-12 11:47:31,25.8,33.4,104.47843872543912
2024-09-12 11:48:31,25.1,34.8,116.7667592017452
2024-09-12 11:49:31,24.3,35.4,108.8090358715968
2024-09-12 11:50:31,25.2,36.4,93.2865581372116
2024-09-12 11:51:31,25.3,37.2,125.24117288832268
2024-09-12 11:52:31,25.4,37.9,114.91413231858594
2024-09-12 11:53:31,25.5,38.6,107.88680962225044
2024-09-12 11:54:31,26.0,39.3,98.76269079578246
2024-09-12 11:55:31,26.3,39.9,73.81267576646067
2024-09-12 11:56:31,26.2,40.3,63.156304304978455
2024-09-12 11:57:31,26.6,40.8,88.59840016435835
2024-09-12 11:58:31,26.0,40.6,88.49097037953241
2024-09-12 11:59:31,25.8,40.7,89.03194256327923
2024-09-12 12:00:31,25.9,40.9,92.9747399546954
2024-09-12 12:01:31,26.6,41.6,88.24642614966133
2024-09-12 12:02:31,27.1,42.2,91.3264566188587
2024-09-12 12:03:31,27.3,42.6,85.66308658163994
2024-09-12 12:04:31,27.7,42.9,75.62851730100081
2024-09-12 12:05:31,26.9,41.9,85.74567600661116
2024-09-12 12:06:31,27.2,43.0,78.8845192911296
2024-09-12 12:07:31,27.2,43.0,78.8845192911296
2024-09-12 12:08:31,27.6,43.6,97.9481644825253
2024-09-12 12:09:31,27.9,43.9,102.58051604465984
2024-09-12 12:10:31,27.1,42.9,78.8845192911296
2024-09-12 12:11:31,26.9,43.2,78.5330730131015
2024-09-12 12:12:31,27.2,43.6,78.8845192911296
2024-09-12 12:13:31,26.5,42.4,85.31164030361185
2024-09-12 12:14:31,27.0,43.4,78.8845192911296
2024-09-12 12:15:31,27.4,43.8,65.59575201057346
2024-09-12 12:16:31,27.7,44.0,75.62851730100081
2024-09-12 12:17:31,26.9,43.2,78.5330730131015
2024-09-12 12:18:31,26.8,43.4,78.5330730131015
2024-09-12 12:19:31,26.6,43.1,78.5330730131015
2024-09-12 12:20:31,26.9,43.8,78.5330730131015
2024-09-12 12:21:31,27.3,44.4,78.8845192911296
2024-09-12 12:22:31,27.3,44.5,78.8845192911296
2024-09-12 12:23:31,27.4,44.9,65.59575201057346
2024-09-12 12:24:31,26.8,43.4,78.5330730131015
2024-09-12 12:25:31,25.6,40.9,98.6590856627422
2024-09-12 12:26:31,25.8,42.1,85.03023681742195
2024-09-12 12:27:31,25.2,40.6,90.16490375983877
2024-09-12 12:28:31,23.9,37.3,112.22581171280495
2024-09-12 12:29:31,24.6,39.6,88.04935581429059
2024-09-12 12:30:31,25.2,40.5,77.87332581053556
2024-09-12 12:31:31,25.1,40.4,77.87332581053556
2024-09-12 12:32:31,24.4,39.7,87.71268735726204
2024-09-12 12:33:31,25.7,40.8,101.6677786214414
2024-09-12 12:34:31,25.1,39.2,99.62692039427898
2024-09-12 12:35:31,24.2,38.4,88.81619415304884
2024-09-12 12:36:31,24.1,38.3,89.77399465270815
2024-09-12 12:37:31,24.1,37.9,92.44958581872024
2024-09-12 12:38:31,24.2,38.2,89.77399465270815
2024-09-12 12:39:31,24.2,37.7,92.00551276036131
2024-09-12 12:40:31,24.1,37.5,90.47009486550738
2024-09-12 12:41:31,23.6,36.5,104.79237056706312
2024-09-12 12:42:31,23.7,36.8,99.27663830082383
2024-09-12 12:43:31,24.1,37.2,110.6532274231162
2024-09-12 12:44:31,24.1,37.1,106.45408314898224
2024-09-12 12:45:31,24.4,37.4,94.07495817157697
2024-09-12 12:46:31,23.8,36.3,103.22878023541227
2024-09-12 12:47:31,23.0,35.2,130.48720884383948
2024-09-12 12:48:31,23.4,36.2,118.6816206133254
2024-09-12 12:49:31,23.4,36.0,128.41520936968251
2024-09-12 12:50:31,23.1,35.3,128.64396069757305
2024-09-12 12:51:31,23.4,35.9,127.54514586553609
2024-09-12 12:52:31,23.1,35.4,127.54514586553609
2024-09-12 12:53:31,23.3,35.7,127.54514586553609
2024-09-12 12:54:31,23.4,35.8,127.54514586553609
2024-09-12 12:55:31,23.4,35.8,127.54514586553609
2024-09-12 12:56:31,23.7,36.3,97.95789921303265
2024-09-12 12:57:31,23.2,35.1,128.37036698652489
2024-09-12 12:58:31,23.7,36.2,97.95789921303265
2024-09-12 12:59:31,23.7,35.8,97.04822445260962
2024-09-12 13:00:31,23.8,36.1,106.78317092871356
2024-09-12 13:01:31,23.1,34.3,128.72319279910462
2024-09-12 13:02:31,23.3,34.7,126.68751851631596
2024-09-12 13:03:31,21.4,30.8,89.29694830400013
2024-09-12 13:04:31,21.9,32.6,79.44121370069021
2024-09-12 13:05:31,22.8,33.4,76.8746326649747
2024-09-12 13:06:31,23.6,33.9,79.62825657255634
2024-09-12 13:07:31,23.3,32.3,76.77772411173807
2024-09-12 13:08:31,23.3,33.5,77.47678742161018
2024-09-12 13:09:31,24.3,35.1,118.75027286176989
2024-09-12 13:10:31,25.2,36.3,93.68892055362834
2024-09-12 13:11:31,25.6,37.4,99.58140230091288
2024-09-12 13:12:31,26.2,38.5,80.20247524819133
2024-09-12 13:13:31,26.4,39.5,76.8892541975386
2024-09-12 13:14:31,26.5,40.2,76.74780353344799
2024-09-12 13:15:31,26.5,40.8,88.59840016435835
2024-09-12 13:16:31,26.4,41.3,78.89216965215036
2024-09-12 13:17:31,26.3,40.9,80.6615689435453
2024-09-12 13:18:31,25.7,39.7,101.13782573901292
2024-09-12 13:19:31,26.1,40.2,74.02630940619643
2024-09-12 13:20:31,26.1,40.3,74.98605684101
2024-09-12 13:21:31,23.9,35.8,105.2637151147676
2024-09-12 13:22:31,23.8,37.1,102.008126094926
2024-09-12 13:23:31,23.4,37.5,91.08379885226836
2024-09-12 13:24:31,22.4,36.3,126.56503234338535
2024-09-12 13:25:31,22.6,35.7,131.48787149246797
2024-09-12 13:26:31,23.1,35.8,127.54514586553609
2024-09-12 13:27:31,23.3,35.5,127.54514586553609
2024-09-12 13:28:31,23.5,35.8,118.83820778781026
2024-09-12 13:29:31,22.4,33.3,81.20995472703487
2024-09-12 13:30:31,22.6,34.4,133.5235457752567
2024-09-12 13:31:31,22.8,34.7,131.48787149246797
2024-09-12 13:32:31,22.6,33.8,111.80411296892292
2024-09-12 13:33:31,22.1,33.1,79.44121370069021
2024-09-12 13:34:31,22.2,33.3,79.44121370069021
2024-09-12 13:35:31,21.4,31.5,90.6563445618228
2024-09-12 13:36:31,21.9,32.7,79.44121370069021
2024-09-12 13:37:31,21.3,31.6,88.06589386784948
2024-09-12 13:38:31,21.5,32.2,97.98868308039624
2024-09-12 13:39:31,21.2,31.4,90.39261790410411
2024-09-12 13:40:31,21.3,31.7,93.34696912234354
2024-09-12 13:41:31,21.7,32.4,87.35488365197604
2024-09-12 13:42:31,22.3,33.5,79.44121370069021
2024-09-12 13:43:31,22.2,32.9,79.44121370069021
2024-09-12 13:44:31,22.1,32.6,79.44121370069021
2024-09-12 13:45:31,21.0,30.4,84.3959786081134
2024-09-12 13:46:31,21.3,31.5,90.6563445618228
2024-09-12 13:47:31,21.4,31.6,88.06589386784948
2024-09-12 13:48:31,21.3,31.3,99.40691511835207
2024-09-12 13:49:31,21.4,31.6,88.06589386784948
2024-09-12 13:50:31,22.0,32.7,79.44121370069021
2024-09-12 13:51:31,21.9,32.5,86.67149903659143
2024-09-12 13:52:31,22.3,32.6,79.44121370069021
2024-09-12 13:53:31,22.2,32.7,79.44121370069021
2024-09-12 13:54:31,22.4,33.4,81.23881370139385
2024-09-12 13:55:31,21.6,31.9,90.6461832194198
2024-09-12 13:56:31,22.1,32.8,79.44121370069021
2024-09-12 13:57:31,22.1,32.7,79.44121370069021
2024-09-12 13:58:31,22.3,33.1,79.44121370069021
2024-09-12 13:59:31,22.5,33.9,111.76764531521412
2024-09-12 14:00:31,22.5,34.2,133.5235457752567
2024-09-12 14:01:31,22.7,34.2,133.5235457752567
2024-09-12 14:02:31,22.3,33.9,111.73685468271502
2024-09-19 11:10:04,18.9,24.7,70.04076068376068
2024-09-19 11:11:04,20.1,26.2,66.96726602126141
2024-09-19 11:12:04,20.9,27.2,70.13217905228153
2024-09-19 11:13:04,21.2,27.8,62.9777671834731
2024-09-19 11:14:04,21.4,28.6,66.35447373011378
2024-09-19 11:15:04,22.0,29.7,72.53476674977372
2024-09-19 11:16:04,23.0,31.1,84.34469510316556
2024-09-19 11:17:04,22.9,31.5,76.19996452812308
2024-09-19 11:18:04,22.7,31.9,79.19004665822068
2024-09-19 11:19:04,22.8,32.7,76.0273711009988
2024-09-19 11:20:04,23.4,33.4,77.26026197454105
2024-09-19 11:21:04,23.6,33.7,80.20522015217743
2024-09-19 11:22:04,23.2,33.3,77.6500940017545
2024-09-19 11:23:04,23.1,33.7,79.72465226611983
2024-09-19 11:24:04,23.3,34.0,79.81065126449049
2024-09-19 11:25:04,23.3,33.9,79.44551423473663
2024-09-19 11:26:04,23.1,33.6,85.34929918809804
2024-09-19 11:27:04,22.8,33.6,85.86448543966715
2024-09-19 11:28:04,22.5,33.4,81.60736588994605
2024-09-19 11:29:04,20.9,30.4,84.3959786081134
2024-09-19 11:30:04,21.9,32.6,79.44121370069021
2024-09-19 11:31:04,21.9,32.4,86.67149903659143
2024-09-19 11:32:04,21.8,32.3,109.41580592973264
2024-09-19 11:33:04,22.0,32.3,111.70817180457485
2024-09-19 11:34:04,21.8,31.8,98.53458181395033
2024-09-19 11:35:04,22.2,32.4,106.14040382478
2024-09-19 11:36:04,22.1,32.2,105.7962497923653
2024-09-19 11:37:04,21.8,31.3,110.80735941253268
2024-09-19 11:38:04,22.1,31.9,98.12334178404772
2024-09-19 11:39:04,22.2,31.9,93.51318596166364
2024-09-19 11:40:04,22.0,31.6,82.62886011310741
2024-09-19 11:41:04,22.1,31.7,89.73113005225805
2024-09-19 11:42:04,22.0,31.7,102.76442098217602
2024-09-19 11:43:04,21.9,31.5,96.26477546129496
2024-09-19 11:44:04,21.9,31.5,96.26477546129496
2024-09-19 11:45:04,21.9,31.6,92.09769070719604
2024-09-19 11:46:04,21.5,30.7,94.85636745355949
2024-09-19 11:47:04,21.9,31.4,95.88245011731946
2024-09-19 11:48:04,21.9,31.6,92.09769070719604
2024-09-19 11:49:04,21.5,30.8,81.35304718796382
2024-09-19 11:50:04,21.6,31.2,77.28787911470445
2024-09-19 11:51:04,21.1,30.7,84.96103143690581
2024-09-19 11:52:04,21.3,31.0,86.17505719889388
2024-09-19 11:53:04,21.1,30.5,80.59356758697346
2024-09-19 11:54:04,20.8,30.3,86.07596013946271
2024-09-19 11:55:04,21.1,30.7,84.96103143690581
2024-09-19 11:56:04,21.2,30.7,94.06663284959772
2024-09-19 11:57:04,21.3,30.8,89.29694830400013
2024-09-19 11:58:04,21.2,30.6,88.51116083813702
2024-09-19 11:59:04,20.7,30.0,82.29224979208131
2024-09-19 12:00:04,20.8,30.3,86.07596013946271
2024-09-19 12:01:04,20.8,30.4,80.92449903212125
2024-09-19 12:02:04,20.3,29.7,79.15836552342141
2024-09-19 12:03:04,19.4,28.2,80.15278516953352
2024-09-19 12:04:04,19.3,28.4,84.21224743605471
2024-09-19 12:05:04,19.4,28.7,86.42848118448389
2024-09-19 12:06:04,19.6,28.8,84.04383574879226
2024-09-19 12:07:04,19.5,28.7,84.90681907522813
2024-09-19 12:08:04,19.1,27.9,84.0
2024-09-19 12:09:04,19.4,28.4,84.08276621699434
2024-09-19 12:10:04,19.7,28.7,84.17081563837084
2024-09-19 12:11:04,19.7,28.5,83.78905465367966
2024-09-19 12:12:04,19.6,28.3,83.14743023009343
2024-09-19 12:13:04,19.6,28.4,83.79250919913419
2024-09-19 12:14:04,19.2,27.7,82.94800945626477
2024-09-19 12:15:04,19.4,28.2,80.15278516953352
2024-09-19 12:16:04,19.4,28.3,82.62538275146224
2024-09-19 12:17:04,19.4,28.2,80.15278516953352
2024-09-19 12:18:04,19.4,28.1,84.0
2024-09-19 12:19:04,19.3,28.1,84.0
2024-09-19 12:20:04,19.4,28.2,80.15278516953352
2024-09-19 12:21:04,19.4,28.2,80.15278516953352
2024-09-19 12:22:04,19.3,28.1,84.0
2024-09-19 12:23:04,19.3,28.1,84.0
2024-09-19 12:24:04,19.3,28.1,84.0
2024-09-19 12:25:04,19.3,28.1,84.0
2024-09-19 12:26:04,19.1,27.9,84.0
2024-09-19 12:27:04,19.2,27.9,84.0
2024-09-19 12:28:04,19.2,27.9,84.0
2024-09-19 12:29:04,19.1,27.8,82.52935866261397
2024-09-19 12:30:04,19.3,28.1,84.0
2024-09-19 12:31:04,19.4,28.2,80.15278516953352
2024-09-19 12:32:04,19.4,28.1,84.0
2024-09-19 12:33:04,19.6,28.2,82.20729090399885
2024-09-19 12:34:04,19.5,28.1,84.0
2024-09-19 12:35:04,19.4,28.1,84.0
2024-09-19 12:36:04,18.9,27.5,82.95723712876963
2024-09-19 12:37:04,18.6,26.9,80.47800841750842
2024-09-19 12:38:04,18.4,26.7,79.46166666666666
2024-09-26 10:58:03,17.9,25.3,68.15076068376068
2024-09-26 10:59:03,19.6,26.5,67.44093253968255
2024-09-26 11:00:03,20.8,27.7,65.65645231859406
2024-09-26 11:01:03,21.9,28.9,64.35922646354557
2024-09-26 11:02:03,22.1,29.6,67.28930685841674
2024-09-26 11:03:03,22.4,30.6,71.03161676379672
2024-09-26 11:04:03,23.6,32.0,71.56410866619674
2024-09-26 11:05:03,24.4,33.5,83.52413055082174
2024-09-26 11:06:03,25.3,34.9,83.12708155973715
2024-09-26 11:07:03,25.2,35.3,108.77448296964474
2024-09-26 11:08:03,25.4,36.0,74.23914027100041
2024-09-26 11:09:03,25.4,36.4,75.48053258429388
2024-09-26 11:10:03,26.1,37.4,86.20117663668289
2024-09-26 11:11:03,26.6,38.3,95.71861970363764
2024-09-26 11:12:03,26.4,38.7,96.99451695175068
2024-09-26 11:13:03,26.3,38.9,78.90228063254493
2024-09-26 11:14:03,26.6,39.4,88.43636382380436
2024-09-26 11:15:03,25.9,38.4,99.11147375741092
2024-09-26 11:16:03,24.9,37.1,102.06401967695083
2024-09-26 11:17:03,24.3,36.7,93.7682172403544
2024-09-26 11:18:03,22.9,34.0,120.93786489231364
2024-09-26 11:19:03,23.7,36.1,97.95789921303265
2024-09-26 11:20:03,24.0,35.9,103.38324276264554
2024-09-26 11:21:03,23.7,35.0,94.36927695519589
2024-09-26 11:22:03,24.1,36.0,114.34502716089597
2024-09-26 11:23:03,24.7,36.6,125.25096417446515
2024-09-26 11:24:03,25.1,36.8,122.24431666708251
2024-09-26 11:25:03,24.1,34.1,119.7599173266704
2024-09-26 11:26:03,24.3,35.9,127.80737062342614
2024-09-26 11:27:03,24.2,36.0,124.84220250239764
2024-09-26 11:28:03,24.4,36.7,131.84014173476055
2024-09-26 11:29:03,25.3,37.3,128.13536812335948
2024-09-26 11:30:03,25.4,37.5,127.80387262291156
2024-09-26 11:31:03,25.7,37.9,125.48521979003073
2024-09-26 11:32:03,25.7,38.3,122.44466953716392
2024-09-26 11:33:03,26.1,38.8,100.58820454185208
2024-09-26 11:34:03,24.8,37.2,119.87485296306416
2024-09-26 11:35:03,23.9,35.9,105.2637151147676
2024-09-26 11:36:03,23.7,36.1,97.95789921303265
2024-09-26 11:37:03,24.0,36.6,119.01087968775528
2024-09-26 11:38:03,24.0,36.1,123.95808899917046
2024-09-26 11:39:03,23.9,36.0,127.62737860485528
2024-09-26 11:40:03,23.5,35.0,125.29947036252037
2024-09-26 11:41:03,23.9,36.0,127.62737860485528
2024-09-26 11:42:03,23.5,35.4,119.44259764969748
2024-09-26 11:43:03,22.9,34.0,120.93786489231364
2024-09-26 11:44:03,22.8,34.1,133.5235457752567
2024-09-26 11:45:03,23.3,35.3,128.64396069757305
2024-09-26 11:46:03,23.5,34.4,111.89506853445413
2024-09-26 11:47:03,23.8,35.5,117.3179817341066
2024-09-26 11:48:03,24.2,36.2,110.24641153001971
2024-09-26 11:49:03,24.4,36.4,102.59878044188576
2024-09-26 11:50:03,25.1,36.9,97.34838477236302
2024-09-26 11:51:03,25.5,37.7,102.61374679719164
2024-09-26 11:52:03,26.1,38.4,101.2040280112331
2024-09-26 11:53:03,26.5,38.8,99.04554835286758
2024-09-26 11:54:03,26.5,39.3,98.85279843758492
2024-09-26 11:55:03,26.9,39.9,93.64663142930632
2024-09-26 11:56:03,27.4,40.7,99.07596734764064
2024-09-26 11:57:03,27.6,41.0,95.17331016275642
2024-09-26 11:58:03,27.8,41.6,99.4607497093575
2024-09-26 11:59:03,27.5,41.4,100.97414953638103
2024-09-26 12:00:03,27.6,42.2,107.14283021302136
2024-09-26 12:01:03,27.8,42.2,103.62551079319655
2024-09-26 12:02:03,27.4,41.4,94.81702423895412
2024-09-26 12:03:03,26.6,40.9,88.59840016435835
2024-09-26 12:04:03,26.7,41.4,88.89155687481836
2024-09-26 12:05:03,27.3,41.8,89.41591750261301
2024-09-26 12:06:03,27.4,41.8,60.76969038158449
2024-09-26 12:07:03,27.5,41.9,70.90235123864623
2024-09-26 12:08:03,27.7,42.2,75.62851730100081
2024-09-26 12:09:03,27.4,42.1,47.25963944214199
2024-09-26 12:10:03,26.2,40.2,62.19655687016488
2024-09-26 12:11:03,26.7,41.6,88.36642576612142
2024-09-26 12:12:03,27.3,42.6,85.66308658163994
2024-09-26 12:13:03,27.4,43.2,65.59575201057346
2024-09-26 12:14:03,27.7,43.9,75.62851730100081
2024-09-26 12:15:03,28.7,45.0,71.56583443009791
2024-09-26 12:16:03,29.2,45.9,95.0816701193113
2024-09-26 12:17:03,29.8,47.0,67.95659112972521
2024-09-26 12:18:03,30.3,48.1,57.0
2024-09-26 12:19:03,31.0,49.0,57.0
2024-09-26 12:20:03,31.1,49.7,57.0
2024-09-26 12:21:03,30.9,50.2,57.0
2024-09-26 12:22:03,30.4,49.3,57.0
2024-09-26 12:23:03,29.9,49.3,57.0
2024-09-26 12:24:03,30.3,49.7,57.0
2024-09-26 12:25:03,30.7,50.0,57.0
2024-09-26 12:26:03,31.2,50.3,57.0
2024-10-31 11:21:07,25.3,31.7,83.50639276942073
2024-10-31 11:22:07,25.8,32.7,93.2273214851841
2024-10-31 11:23:07,26.2,33.8,95.310489203061
2024-10-31 11:24:07,27.1,34.8,85.8846100313109
2024-10-31 11:25:07,26.9,35.4,86.26170520089647
2024-10-31 11:26:07,25.2,35.1,117.91204688201212
2024-10-31 11:27:07,25.1,35.3,109.66149559949282
2024-10-31 11:28:07,24.8,35.3,105.468839344793
2024-10-31 11:29:07,24.4,35.3,104.09702800898438
2024-10-31 11:30:07,24.4,35.3,104.09702800898438
2024-10-31 11:31:07,25.1,35.6,114.07726307722209
2024-10-31 11:32:07,26.4,36.4,89.16476401303731
2024-10-31 11:33:07,25.8,36.1,107.25053647016604
2024-10-31 11:34:07,25.8,36.3,107.78500459962216
2024-10-31 11:35:07,26.6,37.2,112.31978118531794
2024-10-31 11:36:07,27.7,38.1,120.68886134453784
2024-10-31 11:37:07,27.9,38.6,125.27405663780668
2024-10-31 11:38:07,28.0,39.0,124.04292029753874
2024-10-31 11:39:07,28.6,39.8,120.48409192196696
2024-10-31 11:40:07,28.8,40.5,117.48291208219882
2024-10-31 11:41:07,28.3,40.6,117.54288852813856
2024-10-31 11:42:07,28.4,40.8,118.11658949057478
2024-10-31 11:43:07,26.7,38.3,95.6000482750662
2024-10-31 11:44:07,26.6,38.9,98.08424048217547
2024-10-31 11:45:07,26.0,38.4,99.10172375741092
2024-10-31 11:46:07,25.7,37.7,116.72753939559438
2024-10-31 11:47:07,26.2,38.2,81.07300407871345
2024-10-31 11:48:07,26.4,38.0,87.85515831018446
2024-10-31 11:49:07,26.1,37.4,86.20117663668289
2024-10-31 11:50:07,26.6,38.0,87.85452001231214
2024-10-31 11:51:07,27.3,38.6,115.38615726885772
2024-10-31 11:52:07,28.2,39.6,123.31850016423226
2024-10-31 11:53:07,28.8,40.3,118.62831718281718
2024-10-31 11:54:07,27.9,39.8,120.9721162499781
2024-10-31 11:55:07,28.0,40.5,115.5721721962678
2024-10-31 11:56:07,27.8,40.3,119.39514263351026
2024-10-31 11:57:07,28.1,40.6,117.75919960594965
2024-10-31 11:58:07,28.4,41.2,120.34337623635231
2024-10-31 11:59:07,28.7,41.7,75.31537853841408
2024-10-31 12:00:07,27.7,40.8,135.74966874078794
2024-10-31 12:01:07,27.6,41.0,95.17331016275642
2024-10-31 12:02:07,27.7,41.0,124.59579892639216
2024-10-31 12:03:07,27.9,40.9,118.79215598372213
2024-10-31 12:04:07,27.8,41.0,112.3994540359884
2024-10-31 12:05:07,27.6,40.8,109.53832687820542
2024-10-31 12:06:07,26.4,39.8,74.88268952266868
2024-10-31 12:07:07,26.7,40.1,77.91650529748837
2024-10-31 12:08:07,27.4,40.5,112.54842725918728
2024-10-31 12:09:07,27.7,40.7,123.443670995671
2024-10-31 12:10:07,27.9,41.0,112.3994540359884
2024-10-31 12:11:07,28.1,41.4,116.6527626852682
2024-10-31 12:12:07,28.8,41.8,73.39064884352064
2024-10-31 12:13:07,28.7,42.2,96.20521261378566
2024-10-31 12:14:07,28.9,42.9,85.22542037477115
2024-10-31 12:15:07,29.2,43.4,84.98613466048545
2024-10-31 12:16:07,29.0,43.5,84.98613466048545
2024-10-31 12:17:07,28.5,43.3,89.43220173944336
2024-10-31 12:18:07,29.1,43.8,84.98613466048545
2024-10-31 12:19:07,29.2,43.7,84.98613466048545
2024-10-31 12:20:07,29.6,44.0,74.9046488635914
2024-10-31 12:21:07,28.9,43.7,84.98613466048545
2024-10-31 12:22:07,29.0,43.6,84.98613466048545
2024-10-31 12:23:07,29.1,43.5,84.98613466048545
2024-11-06 12:04:14,18.7,24.2,70.04076068376068
2024-11-06 12:05:14,19.7,25.9,66.27852616985625
2024-11-06 12:06:14,21.1,27.3,66.64296526228485
2024-11-06 12:07:14,22.4,28.7,83.8279310498005
2024-11-06 12:08:14,22.9,29.9,85.34830692879783
2024-11-06 12:09:14,23.8,31.5,82.86447627797271
2024-11-06 12:10:14,24.7,33.1,128.97833419358415
2024-11-06 12:11:14,25.1,34.6,116.7667592017452
2024-11-06 12:12:14,25.4,35.8,78.75940571797177
2024-11-06 12:13:14,25.4,36.9,90.5358265269116
2024-11-06 12:14:14,25.6,37.9,111.37142719162796
2024-11-06 12:15:14,25.8,38.9,106.87658350883974
2024-11-06 12:16:14,26.1,39.7,86.35804597950353
2024-11-06 12:17:14,26.6,40.6,88.42210042427487
2024-11-06 12:18:14,26.8,41.3,85.8407855822141
2024-11-06 12:19:14,27.2,42.1,88.54467275786827
2024-11-06 12:20:14,27.4,42.6,70.19467254802161
2024-11-06 12:21:14,28.2,43.3,85.39125239500527
2024-11-06 12:22:14,28.7,44.1,99.98566006990931
2024-11-06 12:23:14,29.1,44.8,85.08396123391202
2024-11-06 12:24:14,29.1,45.3,92.50486346156632
2024-11-06 12:25:14,28.9,45.7,86.78510542830949
2024-11-06 12:26:14,29.3,46.2,109.2290097152158
2024-11-06 12:27:14,28.9,46.3,102.39391127317764
2024-11-06 12:28:14,28.8,46.4,102.39391127317764
2024-11-06 12:29:14,29.0,46.7,90.09795767978376
2024-11-06 12:30:14,29.4,47.1,87.29584108354116
2024-11-06 12:31:14,29.4,47.2,87.29584108354116
2024-11-06 12:32:14,28.8,47.0,90.09795767978376
2024-11-06 12:33:14,29.3,47.4,87.29584108354116
2024-11-06 12:34:14,29.8,47.8,57.0
2024-11-06 12:35:14,29.9,48.2,57.0
2024-11-06 12:36:14,29.5,48.3,84.16117465978873
2024-11-06 12:37:14,29.0,48.3,80.51919341504178
2024-11-06 12:38:14,28.8,48.2,80.51919341504178
2024-11-06 12:39:14,29.2,48.4,84.16117465978873
2024-11-06 12:40:14,29.3,48.6,84.16117465978873
2024-11-06 12:41:14,29.2,48.7,84.16117465978873
2024-11-06 12:42:14,29.4,48.9,84.16117465978873
2024-11-06 12:43:14,28.9,48.6,80.51919341504178
2024-11-06 12:44:14,28.9,48.6,80.51919341504178
2024-11-06 12:45:14,29.1,48.7,80.51919341504178
2024-11-06 12:46:14,28.9,48.5,80.51919341504178
2024-11-06 12:47:14,29.2,48.5,84.16117465978873
2024-11-06 12:48:14,29.0,48.4,80.51919341504178
2024-11-06 12:49:14,28.8,48.2,80.51919341504178
2024-11-06 12:50:14,28.7,48.2,82.56184221112103
2024-11-06 12:51:14,28.8,48.3,80.51919341504178
2024-11-06 12:52:14,29.4,48.6,84.16117465978873
2024-11-06 12:53:14,29.7,48.8,60.14355774080826
2024-11-06 12:54:14,29.6,49.0,60.14355774080826
2024-11-06 12:55:14,29.5,49.0,84.16117465978873
2024-11-06 12:56:14,29.5,48.9,84.16117465978873
2024-11-06 12:57:14,29.3,48.9,84.16117465978873
2024-11-06 12:58:14,29.4,49.0,84.16117465978873
2024-11-06 12:59:14,29.4,49.0,84.16117465978873
2024-11-06 13:00:14,29.1,48.1,80.51919341504178
2024-05-09 11:18:42,19.5,25.6,68.14792392668878
2024-05-09 11:19:42,19.2,25.3,70.13099877899877
2024-05-09 11:20:42,20.1,26.2,66.96726602126141
2024-05-09 11:21:42,20.8,26.6,67.55260955628687
2024-05-09 11:22:42,20.7,26.3,68.13138610257825
2024-05-09 11:23:42,20.3,26.2,66.96726602126141
2024-05-09 11:24:42,21.1,27.1,66.64296526228485
2024-05-09 11:25:42,21.4,27.6,64.34140950622553
2024-05-09 11:26:42,21.4,27.7,64.12964480034319
2024-05-09 11:27:42,21.4,28.1,67.53429862053109
2024-05-09 11:28:42,20.3,26.4,66.02022794664326
2024-05-09 11:29:42,20.1,27.0,68.25788422274937
2024-05-09 11:30:42,21.3,28.4,67.5758001588212
2024-05-09 11:31:42,21.5,28.4,68.57206679826037
2024-05-09 11:32:42,21.7,28.8,64.49656289405272
2024-05-09 11:33:42,21.4,28.6,66.35447373011378
2024-05-09 11:34:42,21.4,28.8,65.38501756921507
2024-05-09 11:35:42,21.3,28.9,64.74689636791454
2024-05-09 11:36:42,21.6,29.3,66.02688569017805
2024-05-09 11:37:42,22.0,29.9,85.92132244747607
2024-05-09 11:38:42,22.1,30.3,86.33718123896948
2024-05-09 11:39:42,21.7,30.6,95.11503200226518
2024-05-09 11:40:42,21.9,31.0,92.1679196667222
2024-05-09 11:41:42,22.1,31.2,89.82685825416331
2024-05-09 11:42:42,22.5,31.4,80.4206495726085
2024-05-09 11:43:42,22.6,31.7,80.68097852216736
2024-05-09 11:44:42,22.5,31.9,80.52297852216736
2024-05-09 11:45:42,22.4,32.2,80.15442633361516
2024-05-09 11:46:42,22.2,32.2,106.15149620139904
2024-05-09 11:47:42,21.9,32.2,108.51092987889886
2024-05-09 11:48:42,21.8,32.1,109.19431449428347
2024-05-09 11:49:42,21.3,31.9,92.05161354466227
2024-05-09 11:50:42,21.1,31.7,93.12553535599967
2024-05-09 11:51:42,20.7,31.3,98.77431905558768
2024-05-09 11:52:42,20.6,31.2,80.19664570692107
2024-05-09 11:53:42,20.5,31.0,84.09725327796944
2024-05-09 11:54:42,20.1,29.8,81.48181654014965
2024-05-09 11:55:42,20.2,29.8,81.48181654014965
2024-05-09 11:56:42,19.3,27.6,83.15800945626478
2024-05-09 11:57:42,19.5,27.9,84.0
2024-05-09 11:58:42,19.6,27.9,82.10872727272726
2024-05-09 11:59:42,19.2,27.2,82.21832686067515
2024-05-09 12:00:42,19.3,27.1,81.41457686067515
2024-05-09 12:01:42,19.2,26.8,79.82003222703223
2024-05-09 12:02:42,19.3,27.6,83.15800945626478
2024-05-09 12:03:42,19.1,27.7,82.94800945626477
2024-05-09 12:04:42,19.1,27.8,82.52935866261397
2024-05-09 12:05:42,19.3,28.1,84.0
2024-05-09 12:06:42,19.4,28.1,84.0
2024-05-09 12:07:42,19.3,28.1,84.0
2024-05-09 12:08:42,19.3,28.2,80.25829799004634
2024-05-09 12:09:42,19.6,28.4,83.79250919913419
2024-05-09 12:10:42,19.4,28.3,82.62538275146224
2024-05-09 12:11:42,19.4,28.3,82.62538275146224
2024-05-09 12:12:42,19.1,28.2,80.25829799004634
2024-05-09 12:13:42,19.1,28.2,80.25829799004634
2024-05-09 12:14:42,19.1,28.1,84.0
2024-05-09 12:15:42,19.2,28.2,80.25829799004634
2024-05-09 12:16:42,19.2,28.1,84.0
2024-05-09 12:17:42,19.1,28.0,84.0
2024-05-09 12:18:42,18.9,27.9,84.0
2024-05-09 12:19:42,19.0,27.9,84.0
2024-05-09 12:20:42,18.9,27.9,84.0
2024-05-09 12:21:42,18.9,27.8,82.52935866261397
2024-05-09 12:22:42,18.8,27.8,82.52935866261397
2024-05-09 12:23:42,18.8,27.7,82.94800945626477
2024-05-09 12:24:42,18.7,27.6,83.15800945626478
2024-05-09 12:25:42,18.6,27.4,82.8197825833151
2024-05-09 12:26:42,18.5,27.3,82.17046971781801
2024-05-09 12:27:42,18.4,27.2,81.96046971781801
2024-05-09 12:28:42,18.2,27.0,79.86046971781802
2024-05-09 12:29:42,18.3,27.0,79.86046971781802
2024-05-09 12:30:42,18.4,26.9,80.26800841750841
2024-05-09 12:31:42,18.5,26.9,80.47800841750842
2024-05-09 12:32:42,18.6,27.1,81.54046971781801
2024-05-09 12:33:42,18.3,26.7,79.46166666666666
2024-05-09 12:34:42,18.4,26.9,80.26800841750841
2024-05-09 12:35:42,18.6,27.1,81.54046971781801
2024-05-09 12:36:42,18.6,27.1,81.54046971781801
2024-05-09 12:37:42,18.6,27.1,81.54046971781801
2024-05-09 12:38:42,18.6,27.1,81.54046971781801
2024-05-09 12:39:42,18.6,27.1,81.54046971781801
2024-05-09 12:40:42,18.4,27.0,79.86046971781802
2024-05-09 12:41:42,18.3,26.9,80.26800841750841
2024-05-09 12:42:42,18.5,27.1,81.54046971781801
2024-05-09 12:43:42,18.5,27.0,80.07046971781801
2024-05-09 12:44:42,18.5,27.0,80.07046971781801
2024-05-09 12:45:42,18.6,27.0,80.07046971781801
2024-05-09 12:46:42,18.6,27.1,81.54046971781801
2024-05-09 12:47:42,18.2,26.8,79.56217508417508
2024-05-09 12:48:42,18.2,26.9,80.26800841750841
2024-05-09 12:49:42,18.1,26.7,77.78166666666667
2024-05-09 12:50:42,17.8,26.4,70.4692857142857
2024-05-09 12:51:42,17.7,26.3,70.54282417582417
2024-05-09 12:52:42,17.6,26.2,70.54282417582417
2024-05-09 12:53:42,17.6,26.2,70.54282417582417
2024-05-09 12:54:42,17.6,26.1,70.54282417582417
2024-05-09 12:55:42,17.7,26.2,70.54282417582417
2024-05-09 12:56:42,17.9,26.2,70.54282417582417
2024-05-09 12:57:42,18.2,26.2,72.22282417582417
2024-05-09 12:58:42,18.1,25.2,68.15076068376068
2024-05-09 12:59:42,17.9,25.1,68.15076068376068
2024-05-09 13:00:42,18.3,25.6,69.83076068376069
2024-05-09 13:01:42,18.8,26.1,72.43282417582417
2024-05-09 13:02:42,18.8,25.8,70.12282417582418
2024-05-09 13:03:42,18.8,26.1,72.43282417582417
2024-05-09 13:04:42,19.4,26.7,78.74815476190476
2024-05-09 13:05:42,20.0,27.2,68.93714541774229
2024-05-09 13:06:42,20.1,26.9,68.74502609704295
2024-05-09 13:07:42,20.3,27.4,68.61779337994759
2024-05-09 13:08:42,20.4,27.7,66.32657789007263
2024-05-09 13:09:42,20.7,28.2,73.52276629404552
2024-05-09 13:10:42,20.4,28.2,74.07236182096605
2024-05-09 13:11:42,19.9,28.3,81.80648040503364
2024-05-09 13:12:42,19.8,28.3,83.14743023009343
2024-05-09 13:13:42,20.4,29.1,74.7072998622475
2024-05-09 13:14:42,20.6,29.3,74.02927281316674
2024-05-09 13:15:42,19.4,27.4,81.99257206867445
2024-05-09 13:16:42,19.6,28.4,83.79250919913419
2024-05-09 13:17:42,19.5,28.2,80.15278516953352
2024-05-09 13:18:42,19.4,28.1,84.0
2024-05-09 13:19:42,19.4,27.9,84.0
2024-05-09 13:20:42,19.3,27.7,82.94800945626477
2024-05-09 13:21:42,18.9,27.2,82.17046971781801
2024-05-09 13:22:42,19.1,27.7,82.94800945626477
2024-05-09 13:23:42,19.1,27.8,82.52935866261397
2024-05-09 13:24:42,19.1,27.8,82.52935866261397
2024-05-09 13:25:42,19.3,27.9,84.0
2024-05-09 13:26:42,19.7,28.3,83.14743023009343
2024-05-09 13:27:42,20.2,28.8,73.99960615612012
2024-05-09 13:28:42,20.4,29.2,75.37001711065564
2024-05-09 13:29:42,20.5,29.5,75.93778883366633
2024-05-09 13:30:42,21.3,30.3,83.74923081243465
2024-05-09 13:31:42,22.3,31.1,91.82920938407118
2024-05-09 13:32:42,22.5,31.6,80.37663352063588
2024-05-09 13:33:42,22.5,32.0,80.52297852216736
2024-05-09 13:34:42,22.4,32.4,80.15442633361516
2024-05-09 13:35:42,22.6,32.9,81.7042557078576
2024-05-09 13:36:42,22.8,33.4,76.8746326649747
2024-05-09 13:37:42,22.9,33.7,79.72465226611983
2024-05-09 13:38:42,22.8,33.8,111.80411296892292
2024-05-09 13:39:42,22.8,34.0,122.46110684981258
2024-05-09 13:40:42,22.7,34.0,122.46110684981258
2024-05-09 13:41:42,22.6,34.2,133.5235457752567
2024-05-09 13:42:42,22.5,34.2,133.5235457752567
2024-05-09 13:43:42,22.6,34.2,133.5235457752567
2024-05-09 13:44:42,22.5,34.2,133.5235457752567
2024-05-09 13:45:42,22.4,34.2,133.5235457752567
2024-05-09 13:46:42,22.6,34.3,133.5235457752567
2024-05-09 13:47:42,22.3,34.1,133.5235457752567
2024-05-09 13:48:42,22.2,33.8,111.73685468271502
2024-05-09 13:49:42,21.9,33.7,79.44121370069021
2024-05-09 13:50:42,22.7,34.1,133.5235457752567
2024-05-09 13:51:42,23.4,34.4,128.72319279910462
2024-05-09 13:52:42,23.9,34.8,116.34561029094064
2024-05-09 13:53:42,23.4,34.8,128.37036698652489
2024-05-09 13:54:42,22.8,34.5,133.5235457752567
2024-05-09 13:55:42,22.8,34.7,131.48787149246797
2024-05-09 13:56:42,22.8,34.8,131.48787149246797
2024-05-09 13:57:42,22.4,34.3,133.5235457752567
2024-05-09 13:58:42,21.0,32.2,98.5541034449008
2024-11-07 11:21:06,20.3,27.4,68.61779337994759
2024-11-07 11:22:06,21.2,28.2,69.35181700566837
2024-11-07 11:23:06,22.3,29.0,83.75584111100066
2024-11-07 11:24:06,23.1,29.9,83.7092023723237
2024-11-07 11:25:06,23.5,30.7,82.98112600979239
2024-11-07 11:26:06,24.0,31.6,85.7153081559938
2024-11-07 11:27:06,24.3,32.5,97.12997426674636
2024-11-07 11:28:06,24.8,33.4,138.96047373051783
2024-11-07 11:29:06,25.3,34.3,83.08970650775953
2024-11-07 11:30:06,25.5,35.1,104.88825253912748
2024-11-07 11:31:06,26.1,35.9,108.64572156427806
2024-11-07 11:32:06,26.4,36.7,89.43036629963963
2024-11-07 11:33:06,26.2,37.0,98.56771520399396
2024-11-07 11:34:06,25.8,37.1,91.64076089076576
2024-11-07 11:35:06,25.4,37.0,90.5358265269116
2024-11-07 11:36:06,25.7,37.3,92.48018305728056
2024-11-07 11:37:06,25.8,37.6,90.07289006287915
2024-11-07 11:38:06,26.0,37.8,86.5456261584651
2024-11-07 11:39:06,26.1,38.2,100.72734197835382
2024-11-07 11:40:06,26.3,38.3,81.17042088410633
2024-11-07 11:41:06,26.5,38.7,92.04442998079872
2024-11-07 11:42:06,26.5,38.8,99.04554835286758
2024-11-07 11:43:06,26.4,38.9,97.63811764330838
2024-11-07 11:44:06,26.0,38.7,99.14543246950124
2024-11-07 11:45:06,25.8,38.7,107.86698006159864
2024-11-07 11:46:06,25.8,38.8,107.91391096014006
2024-11-07 11:47:06,25.8,38.8,107.91391096014006
2024-11-07 11:48:06,26.0,38.9,97.9582610249674
2024-11-07 11:49:06,26.2,39.1,78.91888814144556
2024-11-07 11:50:06,26.4,39.1,97.7230198682354
2024-11-07 11:51:06,26.7,39.6,84.71813047697903
2024-11-07 11:52:06,26.8,39.7,82.46722678191985
2024-11-07 11:53:06,26.7,39.8,85.92903721435145
2024-11-07 11:54:06,26.5,39.7,88.60884123327793
2024-11-07 11:55:06,26.2,39.6,75.9892336719112
2024-11-07 11:56:06,26.1,39.6,86.57480294935215
2024-11-07 11:57:06,25.9,39.3,98.77839079578249
2024-11-07 11:58:06,26.1,39.3,100.15853196959192
2024-11-07 11:59:06,26.3,39.5,76.1832783369236
2024-11-07 12:00:06,26.3,39.6,76.1832783369236
2024-11-07 12:01:06,26.3,39.7,74.53238693364392
2024-11-07 12:02:06,26.1,39.6,86.57480294935215
2024-11-07 12:03:06,25.8,39.3,107.5052989939405
2024-11-07 12:04:06,25.6,39.2,106.56048409642352
2024-11-07 12:05:06,25.5,39.1,106.56048409642352
2024-11-07 12:06:06,25.7,39.1,119.8130171947461
2024-11-07 12:07:06,26.0,39.3,98.76269079578246
2024-11-07 12:08:06,26.2,39.4,75.9892336719112
2024-11-07 12:09:06,26.6,39.7,88.60884123327793
2024-11-07 12:10:06,26.9,40.1,88.72116014039416
2024-11-07 12:11:06,27.1,40.2,85.19456424933384
2024-11-07 12:12:06,26.8,40.2,73.75401368082805
2024-11-07 12:13:06,27.2,40.6,83.46900776292473
2024-11-07 12:14:06,27.3,40.9,88.77527668032688
2024-11-07 12:15:06,27.2,41.0,83.45656007802481
2024-11-07 12:16:06,27.2,41.1,83.49920293516767
2024-11-07 12:17:06,27.3,41.2,93.54409261412788
2024-11-07 12:18:06,27.6,41.6,94.32218115652157
2024-11-07 12:19:06,27.6,41.7,77.52240224053503
2024-11-07 12:20:06,27.6,41.7,77.52240224053503
2024-11-07 12:21:06,27.6,41.8,77.52240224053503
2024-11-07 12:22:06,27.6,41.8,77.52240224053503
2024-11-07 12:23:06,27.8,42.2,103.62551079319655
2024-11-07 12:24:06,28.1,42.3,96.96738332322826
2024-11-07 12:25:06,28.0,42.2,94.06704883914712
2024-11-07 12:26:06,28.2,42.5,99.17982516413
2024-11-07 12:27:06,28.7,42.9,97.4423809708372
2024-11-07 12:28:06,28.7,43.0,97.4423809708372
2024-11-07 12:29:06,28.7,43.3,89.94254861688395
2024-11-07 12:30:06,28.6,43.3,89.84084431036226
2024-11-07 12:31:06,28.1,43.1,98.98948112105984
2024-11-07 12:32:06,28.2,43.0,97.52658232616344
2024-11-07 12:33:06,28.3,43.2,85.39125239500527
2024-11-07 12:34:06,28.4,43.1,97.52658232616344
2024-08-30 11:12:39,23.6,28.5,101.28252705627705
2024-08-30 11:13:39,21.9,28.6,65.32868262444428
2024-08-30 11:14:39,22.3,29.1,83.75584111100066
2024-08-30 11:15:39,21.6,28.0,67.53429862053109
2024-08-30 11:16:39,21.1,27.6,63.33905502775779
2024-08-30 11:17:39,21.5,28.6,66.35447373011378
2024-08-30 11:18:39,21.7,28.7,65.6368705320064
2024-08-30 11:19:39,22.2,28.7,83.8279310498005
2024-08-30 11:20:39,22.3,29.1,83.75584111100066
2024-08-30 11:21:39,22.2,29.1,83.75584111100066
2024-08-30 11:22:39,22.1,29.2,65.41111103413786
2024-08-30 11:23:39,21.4,27.8,63.97403382291227
2024-08-30 11:24:39,21.1,28.2,69.35181700566837
2024-08-30 11:25:39,21.3,28.8,64.74689636791454
2024-08-30 11:26:39,22.2,29.3,83.76872666815706
2024-08-30 11:27:39,22.8,29.5,98.92302523743632
2024-08-30 11:28:39,22.6,29.3,100.36583111574416
2024-08-30 11:29:39,22.6,29.6,98.66179168480474
2024-08-30 11:30:39,22.7,29.8,84.05975767103806
2024-08-30 11:31:39,22.4,28.9,83.17316253957208
2024-08-30 11:32:39,21.9,29.1,65.04390503497413
2024-08-30 11:33:39,21.7,29.3,65.17166630913336
2024-08-30 11:34:39,21.6,28.4,68.57206679826037
2024-08-30 11:35:39,21.4,28.8,65.38501756921507
2024-08-30 11:36:39,21.4,29.1,66.03646084652598
2024-08-30 11:37:39,21.7,29.1,65.18124146548129
2024-08-30 11:38:39,22.6,29.5,98.66179168480474
2024-08-30 11:39:39,23.3,29.8,82.68860092384647
2024-08-30 11:40:39,22.4,28.7,83.8279310498005
2024-08-30 11:41:39,22.5,29.7,94.41280250236214
2024-08-30 11:42:39,22.4,29.4,84.4042212232843
2024-08-30 11:43:39,21.9,28.6,65.32868262444428
2024-08-30 11:44:39,21.4,28.6,66.35447373011378
2024-08-30 11:45:39,20.9,27.9,70.76507011595506
2024-08-30 11:46:39,21.4,29.1,66.03646084652598
2024-08-30 11:47:39,21.9,29.2,65.0343298786262
2024-08-30 11:48:39,22.0,28.8,65.0367788054979
2024-08-30 11:49:39,22.4,29.6,84.4042212232843
2024-08-30 11:50:39,22.8,29.8,84.05975767103806
2024-08-30 11:51:39,23.4,30.2,81.50274178166461
2024-08-30 11:52:39,23.3,30.4,82.0583026633117
2024-08-30 11:53:39,22.9,29.4,99.2384483143594
2024-08-30 11:54:39,22.9,30.5,83.06839747573446
2024-08-30 11:55:39,23.5,30.9,83.83247029949474
2024-08-30 11:56:39,24.1,31.3,78.39742346575186
2024-08-30 11:57:39,23.1,29.3,99.39260296904448
2024-08-30 11:58:39,22.3,30.2,86.23006518448732
2024-08-30 11:59:39,22.2,30.4,86.38048272671676
2024-08-30 12:00:39,22.2,30.4,86.38048272671676
2024-08-30 12:01:39,22.5,30.2,75.37889378615004
2024-08-30 12:02:39,22.8,30.4,83.0326578232017
2024-08-30 12:03:39,23.3,30.7,82.98112600979239
2024-08-30 12:04:39,23.5,30.9,83.83247029949474
2024-08-30 12:05:39,22.7,31.8,79.19004665822068
2024-08-30 12:06:39,22.3,31.3,109.39351370339996
2024-08-30 12:07:39,21.9,31.3,110.42737551897524
2024-08-30 12:08:39,21.8,31.5,96.59982979896448
2024-08-30 12:09:39,21.8,31.8,98.53458181395033
2024-08-30 12:10:39,21.4,31.4,90.39261790410411
2024-08-30 12:11:39,21.7,31.8,98.53458181395033
2024-08-30 12:12:39,22.0,32.2,111.3173351874744
2024-08-30 12:13:39,22.0,32.5,88.59559323041414
2024-08-30 12:14:39,22.5,33.3,81.57850691558707
2024-08-30 12:15:39,23.2,33.9,79.44551423473663
2024-08-30 12:16:39,22.4,33.8,111.80411296892292
2024-08-30 12:17:39,21.6,33.8,111.54662418893336
2024-08-30 12:18:39,21.0,33.8,111.70019406371416
2024-08-30 12:19:39,20.8,33.9,111.66456906371415
2024-08-30 12:20:39,20.8,34.0,122.03783496041166
2024-08-30 12:21:39,20.7,34.0,122.03783496041166
2024-08-30 12:22:39,20.7,33.9,111.66456906371415
2024-08-30 12:23:39,20.9,34.1,133.5235457752567
2024-08-30 12:24:39,21.0,34.2,133.5235457752567
2024-08-30 12:25:39,20.7,33.8,111.66456906371415
2024-08-30 12:26:39,20.5,33.8,111.66456906371415
2024-08-30 12:27:39,20.2,33.4,79.75243325722104
2024-08-30 12:28:39,20.2,33.4,79.75243325722104
2024-08-30 12:29:39,20.3,33.6,79.75243325722104
2024-08-30 12:30:39,20.4,33.6,79.75243325722104
2024-08-30 12:31:39,20.1,33.2,79.75243325722104
2024-08-30 12:32:39,19.9,33.1,79.75243325722104
2024-08-30 12:33:39,20.1,33.1,79.75243325722104
2024-08-30 12:34:39,20.3,33.1,79.75243325722104
2024-08-30 12:35:39,20.4,33.2,79.75243325722104
2024-08-30 12:36:39,20.5,33.2,79.75243325722104
2024-08-30 12:37:39,20.7,33.3,79.75243325722104
2024-08-30 12:38:39,20.6,33.4,79.75243325722104
2024-08-30 12:39:39,20.3,33.3,79.75243325722104
2024-08-30 12:40:39,20.2,33.2,79.75243325722104
2024-08-30 12:41:39,20.1,33.1,79.75243325722104
2024-08-30 12:42:39,20.1,33.0,79.75243325722104
2024-08-30 12:43:39,19.7,32.6,79.75243325722104
2024-08-30 12:44:39,19.6,32.4,84.9426289271028
2024-08-30 12:45:39,19.8,32.6,79.75243325722104
2024-08-30 12:46:39,19.9,32.6,79.75243325722104
2024-08-30 12:47:39,20.0,32.6,79.75243325722104
2024-08-30 12:48:39,20.1,32.6,79.75243325722104
2024-08-30 12:49:39,20.1,32.6,79.75243325722104
2024-08-30 12:50:39,19.9,32.6,79.75243325722104
2024-08-30 12:51:39,20.0,32.5,84.9426289271028
2024-08-30 12:52:39,20.0,32.6,79.75243325722104
2024-08-30 12:53:39,20.2,32.7,79.75243325722104
2024-08-30 12:54:39,20.3,32.9,79.75243325722104
2024-08-30 12:55:39,20.3,33.0,79.75243325722104
2024-08-30 12:56:39,20.5,33.2,79.75243325722104
2024-08-30 12:57:39,20.6,33.3,79.75243325722104
2024-08-30 12:58:39,20.5,33.3,79.75243325722104
2024-08-30 12:59:39,20.4,33.3,79.75243325722104
2024-08-30 13:00:39,20.3,33.1,79.75243325722104
2024-08-30 13:01:39,20.3,33.2,79.75243325722104
2024-08-30 13:02:39,20.6,33.3,79.75243325722104
2024-08-30 13:03:39,20.6,33.3,79.75243325722104
2024-08-30 13:04:39,21.6,33.4,78.62895877938719
2024-08-30 13:05:39,21.8,32.9,79.44121370069021
2024-08-30 13:06:39,22.3,33.1,79.44121370069021
2024-08-30 13:07:39,22.9,33.6,85.86448543966715
2024-08-30 13:08:39,23.2,33.7,79.68494773113233
2024-08-30 13:09:39,22.6,33.3,81.57850691558707
2024-08-30 13:10:39,22.9,33.8,111.50903867360358
2024-08-30 13:11:39,23.4,34.0,79.81065126449049
2024-08-30 13:12:39,23.9,34.4,117.53698864959136
2024-08-30 13:13:39,23.4,34.3,128.72319279910462
2024-08-30 13:14:39,22.9,34.1,132.18948911477366
2024-08-30 13:15:39,24.1,35.7,113.48675088823836
2024-08-30 13:16:39,23.6,34.4,111.89506853445413
2024-08-30 13:17:39,23.2,34.3,128.72319279910462
2024-08-30 13:18:39,22.9,34.1,132.18948911477366
2024-08-30 13:19:39,22.3,33.3,79.44121370069021
2024-08-30 13:20:39,22.3,33.2,79.44121370069021
2024-08-30 13:21:39,22.2,32.8,79.44121370069021
2024-08-30 13:22:39,22.0,32.3,111.70817180457485
2024-08-30 13:23:39,21.2,31.7,93.34696912234354
2024-08-30 13:24:39,21.3,31.8,92.05161354466227
2024-08-30 13:25:39,21.5,31.9,91.2729370453928
2024-08-30 13:26:39,21.6,31.8,90.6461832194198
2024-08-30 13:27:39,21.5,31.6,87.16740979317672
2024-08-30 13:28:39,21.6,31.7,91.94153879710107
2024-08-30 13:29:39,22.2,32.2,106.15149620139904
2024-08-30 13:30:39,22.1,31.4,83.95870681780725
2024-08-30 13:31:39,22.1,31.8,89.73113005225805
2024-08-30 13:32:39,21.8,31.6,92.43185451379875
2024-08-30 13:33:39,21.1,30.9,85.52813194994582
2024-08-30 13:34:39,20.9,30.9,85.58797253083004
2024-08-30 13:35:39,21.3,31.3,99.40691511835207
2024-08-30 13:36:39,21.2,30.8,89.29694830400013
2024-08-30 13:37:39,20.9,30.8,85.58797253083004
2024-08-30 13:38:39,20.9,30.6,83.33202072463928
2024-08-30 13:39:39,20.9,30.4,84.3959786081134
2024-08-30 13:40:39,21.0,30.8,85.58797253083004
2024-08-30 13:41:39,21.0,30.6,83.33202072463928
2024-08-30 13:42:39,21.5,31.1,81.4363404786093
2024-08-30 13:43:39,22.2,31.7,89.73942413237148
2024-08-30 13:44:39,22.1,31.3,109.39351370339996
2024-08-30 13:45:39,22.6,32.4,80.68097852216736
2024-08-30 13:46:39,23.2,33.5,77.47678742161018
2024-08-30 13:47:39,23.9,34.7,116.46943797959185
2024-08-30 13:48:39,24.6,35.7,112.49029067539756
2024-08-30 13:49:39,24.6,36.2,109.74327091444952
2024-08-30 13:50:39,24.3,36.6,103.50446064714366
2024-08-30 13:51:39,24.1,36.4,115.89390370236528
2024-08-30 13:52:39,24.5,37.3,121.90775015360012
2024-08-30 13:53:39,24.8,38.1,99.85994557734809
2024-08-30 13:54:39,25.1,38.0,103.8064208853049
2024-08-30 13:55:39,24.0,36.6,119.01087968775528
2024-08-30 13:56:39,23.9,36.6,119.16816011103572
2024-08-30 13:57:39,23.3,35.3,128.64396069757305
2024-08-30 13:58:39,22.1,33.5,79.44121370069021
2024-08-30 13:59:39,21.4,32.7,80.03438910462964
2024-08-30 14:00:39,21.1,31.9,91.8301797783184
2024-08-30 14:01:39,21.6,32.8,78.62895877938719
2024-08-30 14:02:39,22.1,33.1,79.44121370069021
2024-08-30 14:03:39,22.3,33.2,79.44121370069021
2024-08-30 14:04:39,22.5,32.9,81.7042557078576
2024-08-30 14:05:39,22.6,32.9,81.7042557078576
2024-08-30 14:06:39,22.9,33.2,76.99502299983054
2024-08-30 14:07:39,22.3,32.2,106.15149620139904
2024-08-30 14:08:39,22.3,32.6,79.44121370069021
2024-08-30 14:09:39,21.9,31.8,98.63756993039604
2024-08-30 14:10:39,22.4,33.3,81.20995472703487
2024-08-30 14:11:39,22.7,33.3,80.05775508437361
2024-08-30 14:12:39,21.2,32.6,80.03438910462964
2024-08-30 14:13:39,20.6,32.6,79.75243325722104
2024-11-15 11:29:39,23.2,30.3,81.50274178166461
2024-11-15 11:30:39,24.1,31.4,78.39742346575186
2024-11-15 11:31:39,25.2,32.6,77.04832336585343
2024-11-15 11:32:39,26.1,33.7,84.14599982328382
2024-11-15 11:33:39,26.4,34.7,84.74117065392649
2024-11-15 11:34:39,27.2,35.8,85.93903964554039
2024-11-15 11:35:39,27.6,36.6,76.65866753748487
2024-11-15 11:36:39,27.1,37.3,92.9700255654121
2024-11-15 11:37:39,25.5,36.2,108.54589350879678
2024-11-15 11:38:39,24.4,35.4,98.58728994063608
2024-11-15 11:39:39,24.9,36.3,87.8495166019745
2024-11-15 11:40:39,25.7,36.9,86.34000913923772
2024-11-15 11:41:39,25.3,36.2,98.5412471988452
2024-11-15 11:42:39,25.4,36.7,94.54240139533186
2024-11-15 11:43:39,25.8,37.4,79.0256748629478
2024-11-15 11:44:39,26.0,38.0,85.9882035444573
2024-11-15 11:45:39,26.5,38.7,92.04442998079872
2024-11-15 11:46:39,26.8,39.4,81.74173831618498
2024-11-15 11:47:39,27.1,40.1,88.58733772345036
2024-11-15 11:48:39,27.2,40.3,83.18064003309361
2024-11-15 11:49:39,27.5,40.9,87.39807061975937
2024-11-15 11:50:39,27.6,41.5,93.90810588472232
2024-11-15 11:51:39,28.0,42.2,94.06704883914712
2024-11-15 11:52:39,28.1,42.4,100.64272395902638
2024-11-15 11:53:39,28.3,42.9,97.52658232616344
2024-11-15 11:54:39,28.3,43.3,85.39125239500527
2024-11-15 11:55:39,28.6,43.7,94.43956289274078
2024-11-15 11:56:39,28.7,44.2,99.98566006990931
2024-11-15 11:57:39,28.6,44.2,100.13525138433116
2024-11-15 11:58:39,28.7,44.4,93.04945698799106
2024-11-15 11:59:39,28.9,44.7,84.98613466048545
2024-11-15 12:00:39,28.8,44.7,88.50572845847144
2024-11-15 12:01:39,28.8,44.8,88.77684261171233
2024-11-15 12:02:39,28.6,44.8,91.967201368986
2024-11-15 12:03:39,28.8,45.0,99.05280301347736
2024-11-15 12:04:39,28.9,45.2,96.9008723400776
2024-11-15 12:05:39,28.9,45.3,92.39026327927311
2024-11-15 12:06:39,29.0,45.4,92.07849913994608
2024-11-15 12:07:39,28.9,45.3,92.39026327927311
2024-11-15 12:08:39,29.1,45.7,86.71359689272062
2024-11-15 12:09:39,29.2,45.8,84.77382730459328
2024-11-15 12:10:39,28.9,45.5,89.87573754337895
2024-11-15 12:11:39,28.9,45.4,88.09913383320088
2024-11-15 12:12:39,28.9,45.6,82.4277106587801
2024-11-15 12:13:39,29.2,45.9,95.0816701193113
2024-11-15 12:14:39,29.2,45.9,95.0816701193113
2024-11-15 12:15:39,29.2,46.0,109.2290097152158
2024-11-15 12:16:39,29.1,46.0,102.39391127317764
2024-11-15 12:17:39,28.8,45.7,86.78510542830949
2024-11-15 12:18:39,28.8,45.8,86.30356457431459
2024-11-15 12:19:39,28.8,45.6,82.4277106587801
2024-11-15 12:20:39,28.9,45.7,86.78510542830949
2024-11-15 12:21:39,28.7,45.4,99.51911404569546
2024-11-15 12:22:39,28.6,45.3,100.73723940800664
2024-11-15 12:23:39,28.9,45.5,89.87573754337895
2024-11-15 12:24:39,28.8,45.5,91.93626440243683
2024-11-15 12:25:39,28.6,45.3,100.73723940800664
2024-11-15 12:26:39,28.7,45.3,99.51911404569546
2024-11-15 12:27:39,28.7,45.3,99.51911404569546
2024-11-15 12:28:39,28.4,44.5,95.8535612353844
2024-11-15 12:29:39,27.3,42.6,85.66308658163994
2024-11-15 12:30:39,26.6,41.7,81.78581532501285
2024-11-15 12:31:39,26.0,41.2,93.01738281183825
2024-11-15 12:32:39,25.1,39.8,87.42652628801461
2024-11-15 12:33:39,24.7,39.4,88.04935581429059
2024-11-15 12:34:39,23.8,38.4,88.81619415304884
2024-11-15 12:35:39,23.3,37.5,91.08379885226836
2024-11-08 13:03:22,23.7,34.8,94.9667908159126
2024-11-08 13:04:22,24.6,35.2,105.69102243290752
2024-11-08 13:05:22,25.1,35.7,114.233277965112
2024-11-08 13:06:22,25.7,36.2,108.52857871388944
2024-11-08 13:07:22,26.1,36.7,111.49994826261418
2024-11-08 13:08:22,26.3,37.2,102.3153220631744
2024-11-08 13:09:22,25.9,36.8,107.48827794245273
2024-11-08 13:10:22,25.4,36.3,71.33106601631907
2024-11-08 13:11:22,25.8,36.8,103.47459597063316
2024-11-08 13:12:22,25.9,37.2,94.14152934147106
2024-11-08 13:13:22,26.1,37.4,86.20117663668289
2024-11-08 13:14:22,26.7,38.0,87.85452001231214
2024-11-08 13:15:22,27.4,38.6,116.18744589036694
2024-11-08 13:16:22,27.8,39.3,126.0215680112175
2024-11-08 13:17:22,28.4,40.1,119.46788994338996
2024-11-08 13:18:22,28.3,40.7,117.54288852813856
2024-11-08 13:19:22,28.3,41.3,119.02980525580186
2024-11-08 13:20:22,28.8,41.9,76.27792469902981
2024-11-08 13:21:22,29.2,42.5,85.22542037477115
2024-11-08 13:22:22,29.4,43.1,84.98613466048545
2024-11-08 13:23:22,29.4,43.4,84.98613466048545
2024-11-08 13:24:22,29.4,43.8,84.98613466048545
2024-11-08 13:25:22,29.5,44.2,84.98613466048545
2024-11-08 13:26:22,29.7,44.6,74.9046488635914
2024-11-08 13:27:22,29.7,44.9,83.1548958286333
2024-11-08 13:28:22,30.0,45.4,79.49002246534147
2024-11-08 13:29:22,29.8,45.7,74.77460418982344
2024-11-08 13:30:22,30.1,46.1,82.06783505542712
2024-11-08 13:31:22,30.3,46.3,82.06783505542712
2024-11-08 13:32:22,30.9,46.6,67.95659112972521
2024-11-08 13:33:22,30.3,46.4,82.06783505542712
2024-11-08 13:34:22,30.4,46.7,67.95659112972521
2024-11-08 13:35:22,30.3,46.7,67.95659112972521
2024-11-08 13:36:22,30.1,46.6,67.95659112972521
2024-11-08 13:37:22,30.1,46.4,82.06783505542712
2024-11-08 13:38:22,30.3,46.6,67.95659112972521
2024-11-08 13:39:22,30.1,46.4,82.06783505542712
2024-11-08 13:40:22,30.1,46.4,82.06783505542712
2024-11-08 13:41:22,30.0,46.4,82.06783505542712
2024-11-08 13:42:22,29.9,46.3,82.06783505542712
2024-11-08 13:43:22,29.2,45.9,95.0816701193113
2024-11-08 13:44:22,28.9,45.8,86.30356457431459
2024-11-08 13:45:22,28.9,45.5,89.87573754337895
2024-11-08 13:46:22,28.1,44.7,92.00646939865172
2024-11-08 13:47:22,27.2,43.6,78.8845192911296
2024-11-08 13:48:22,26.8,42.9,78.5330730131015
2024-11-08 13:49:22,26.3,42.2,90.97501034083064
2024-11-08 13:50:22,25.3,41.3,100.42775647392688
2024-11-08 13:51:22,25.3,40.7,100.38511361678404
2024-11-08 13:52:22,25.1,40.1,78.02560574317461
2024-11-08 13:53:22,24.2,39.3,88.71076644946871
2024-11-08 13:54:22,24.8,38.9,99.25916790956344
2024-11-08 13:55:22,24.7,38.6,96.09429995771728
2024-11-08 13:56:22,24.7,38.2,97.0521004573766
2024-11-08 13:57:22,24.8,38.0,101.73340862324804
2024-11-08 13:58:22,24.3,37.5,90.27460430092744
2024-11-21 11:04:42,21.6,27.3,66.8959189143436
2024-11-21 11:05:42,22.3,27.8,100.56619656027289
2024-11-21 11:06:42,22.9,28.3,108.67543650793648
2024-11-21 11:07:42,23.6,29.0,96.05486524586526
2024-11-21 11:08:42,23.9,29.8,94.80863596126092
2024-11-21 11:09:42,24.1,30.4,97.93242857142852
2024-11-21 11:10:42,24.2,30.9,90.02305852480848
2024-11-21 11:11:42,24.4,31.5,94.25839268961174
2024-11-21 11:12:42,24.8,32.1,99.32718854756357
2024-11-21 11:13:42,25.0,32.6,100.58267767268852
2024-11-21 11:14:42,25.1,33.0,115.39875230106146
2024-11-21 11:15:42,25.3,33.6,95.7974321707704
2024-11-21 11:16:42,25.7,34.2,96.3793774103863
2024-11-21 11:17:42,25.6,34.3,104.69109435009436
2024-11-21 11:18:42,25.6,34.6,105.17402350427348
2024-11-21 11:19:42,25.4,34.7,108.37409706959708
2024-11-21 11:20:42,25.2,34.7,116.4736750503968
2024-11-21 11:21:42,24.7,34.3,109.96914032491972
2024-11-21 11:22:42,24.4,34.2,123.22988163729188
2024-11-21 11:23:42,24.2,34.1,111.71402533194774
2024-11-21 11:24:42,24.3,34.1,112.8349751142746
2024-11-21 11:25:42,24.6,34.2,107.30919732614784
2024-11-21 11:26:42,24.4,33.9,100.3717803976172
2024-11-21 11:27:42,24.4,33.9,100.3717803976172
2024-11-21 11:28:42,24.5,34.1,101.76270256503004
2024-11-21 11:29:42,24.6,34.1,108.24020743145738
2024-11-21 11:30:42,24.6,34.0,103.87441294816296
2024-11-21 11:31:42,24.5,34.1,101.76270256503004
2024-11-21 11:32:42,24.4,34.1,115.91772317879538
2024-11-21 11:33:42,24.4,34.1,115.91772317879538
2024-11-21 11:34:42,24.2,33.9,104.10891340430706
2024-11-21 11:35:42,24.4,34.2,123.22988163729188
2024-11-21 11:36:42,24.4,34.1,115.91772317879538
2024-11-21 11:37:42,24.3,34.1,112.8349751142746
2024-11-21 11:38:42,24.4,34.2,123.22988163729188
2024-11-21 11:39:42,24.3,34.1,112.8349751142746
2024-11-21 11:40:42,24.3,34.0,103.20314024387204
2024-11-21 11:41:42,24.2,33.9,104.10891340430706
2024-11-21 11:42:42,23.9,33.7,101.29983616342228
2024-11-21 11:43:42,23.9,33.7,101.29983616342228
2024-11-21 11:44:42,23.8,33.3,86.65267762792764
2024-11-21 11:45:42,23.7,33.2,86.76934878133562
2024-11-21 11:46:42,23.7,33.1,89.59349946203359
2024-11-21 11:47:42,23.7,33.1,89.59349946203359
2024-11-21 11:48:42,23.7,33.1,89.59349946203359
2024-11-21 11:49:42,23.6,32.9,96.7923525103171
2024-11-21 11:50:42,23.6,32.9,96.7923525103171
2024-11-21 11:51:42,23.6,32.9,96.7923525103171
2024-11-21 11:52:42,23.6,32.8,97.53664433846164
2024-11-21 11:53:42,23.8,32.8,106.0875638106304
2024-11-21 11:54:42,24.4,33.3,144.87534920634917
2024-11-21 11:55:42,24.3,33.4,149.70999288851843
2024-11-21 11:56:42,24.2,33.3,138.41309910144892
2024-11-21 11:57:42,24.3,33.5,115.80153392522504
2024-11-21 11:58:42,24.3,33.3,110.7944188589189
2024-11-21 11:59:42,24.7,33.9,111.35451918901252
2024-11-21 12:00:42,24.7,33.9,111.35451918901252
2024-11-21 12:01:42,24.5,33.8,113.36832800794838
2024-11-21 12:02:42,24.7,34.1,115.24858939601772
2024-11-21 12:03:42,24.7,34.1,115.24858939601772
2024-11-21 12:04:42,24.6,34.2,107.30919732614784
2024-11-21 12:05:42,24.7,34.3,109.96914032491972
2024-11-21 12:06:42,24.8,34.4,118.74102499071984
2024-11-21 12:07:42,24.8,34.4,118.74102499071984
2024-11-21 12:08:42,24.9,34.7,119.26979784431272
2024-11-21 12:09:42,24.9,34.7,119.26979784431272
2024-11-21 12:10:42,25.2,34.9,120.52701074166632
2024-11-21 12:11:42,25.0,34.9,117.86605447330452
2024-11-21 12:12:42,25.1,35.2,116.87996640775948
2024-11-21 12:13:42,25.2,35.3,108.77448296964474
2024-11-21 12:14:42,25.1,35.2,116.87996640775948
2024-11-21 12:15:42,25.2,35.6,113.88705680104216
2024-11-21 12:16:42,25.3,35.7,114.07412624711893
2024-11-21 12:17:42,25.5,35.9,110.185371722232
2024-11-21 12:18:42,25.6,36.0,111.39616193447075
2024-11-21 12:19:42,26.0,36.4,111.45930297317064
2024-11-21 12:20:42,25.9,36.5,111.48061513194403
2024-11-21 12:21:42,26.2,36.8,111.76650619805032
2024-11-21 12:22:42,26.6,37.2,112.31978118531794
2024-11-21 12:23:42,27.2,37.8,114.09695205890604
2024-11-21 12:24:42,27.4,38.2,114.86573225304107
2024-11-21 12:25:42,27.6,38.4,118.79613364250132
2024-11-21 12:26:42,27.7,38.7,122.48028282828284
2024-11-21 12:27:42,27.8,39.1,125.80963492063492
2024-11-21 12:28:42,27.9,39.5,125.83704709667452
2024-11-21 12:29:42,28.1,39.8,120.5659001978414
2024-11-21 12:30:42,28.0,39.8,119.10373432359692
2024-11-21 12:31:42,29.0,40.9,115.17788086470628
2024-11-21 12:32:42,29.3,41.4,112.53144692888812
2024-11-21 12:33:42,28.8,41.2,120.72539701474994
2024-11-21 12:34:42,28.4,41.1,120.39522920466185
2024-11-21 12:35:42,28.4,41.3,119.9150327341482
2024-11-21 12:36:42,27.8,40.8,118.25923884204026
2024-11-21 12:37:42,27.7,40.8,135.74966874078794
2024-11-21 12:38:42,27.6,40.6,124.01751784326778
2024-11-21 12:39:42,28.1,40.9,119.36959973604829
2024-11-21 12:40:42,28.4,41.3,119.9150327341482
2024-11-21 12:41:42,28.2,40.9,118.8343281857032
2024-11-21 12:42:42,28.2,41.0,117.68812899192316
2024-11-21 12:43:42,28.0,40.8,115.5721721962678
2024-11-21 12:44:42,27.7,40.7,123.443670995671
2024-11-21 12:45:42,27.5,40.5,111.60212079436732
2024-11-21 12:46:42,27.3,40.1,113.52663649136898
2024-11-21 12:47:42,27.3,40.1,113.52663649136898
2024-11-21 12:48:42,27.3,40.1,113.52663649136898
2024-11-21 12:49:42,27.2,39.9,113.71748579198578
2024-11-21 12:50:42,27.3,39.8,110.7740482344453
2024-11-21 12:51:42,27.2,39.7,116.6881586191586
2024-11-21 12:52:42,27.0,39.6,116.09485173160174
2024-11-21 12:53:42,26.9,39.4,120.64064291191268
2024-11-21 12:54:42,27.1,39.5,125.3381147186147
2024-11-21 12:55:42,27.2,39.6,120.3095982855294
2024-11-21 12:56:42,27.2,39.4,124.49367274392274
2024-11-21 12:57:42,27.2,39.3,128.3019040521312
2024-11-21 12:58:42,27.0,39.1,126.76802025099089
2024-11-21 12:59:42,26.9,39.0,112.72774242424244
2024-11-21 13:00:42,27.1,39.2,122.00007890720386
2024-11-21 13:01:42,27.3,39.4,114.83294809894264
2024-11-21 13:02:42,27.6,39.6,118.39937915168385
